carrier,orders,otif_rate,on_time_delivery_rate,average_lead_time_days,average_freight_cost,average_freight_cost_per_kg,total_exception_cost
CarrierD,426,0.6502347417840375,0.7206572769953051,4.805164319248826,380.66737089201877,0.7382907169183318,3928.63
CarrierB,689,0.6211901306240929,0.7329462989840348,4.886792452830188,368.14361393323657,0.8194719555622535,5991.39
CarrierA,710,0.6169014084507042,0.7211267605633803,4.857746478873239,388.1735070422535,0.7467325241646167,6446.88
CarrierC,575,0.6139130434782609,0.7339130434782609,4.817391304347826,403.3478956521739,0.7444031228101724,4760.12
