carrier,orders,otif_rate,on_time_delivery_rate,average_lead_time_days,average_freight_cost,average_freight_cost_per_kg,total_exception_cost
CarrierD,426,0.6267605633802817,0.6971830985915493,4.838028169014085,380.66737089201877,0.7382907169183318,4282.55
CarrierA,710,0.6070422535211267,0.7084507042253522,4.880281690140845,388.1735070422535,0.7467325241646167,6810.01
CarrierC,575,0.6017391304347826,0.7182608695652174,4.8365217391304345,403.3478956521739,0.7444031228101724,5062.22
CarrierB,689,0.5965166908563135,0.706821480406386,4.918722786647315,368.14361393323657,0.8194719555622535,6540.5
